song_id,song_title,artist_name,total_person_count,views,crawl_date
genie_윤하_(younha)_사건의_지평선,사건의 지평선,윤하 (YOUNHA),0,86767198,2025-07-14 17:22:12
genie_윤하_(younha)_사건의_지평선,사건의 지평선,윤하 (YOUNHA),0,86766026,2025-07-14 16:51:11
genie_윤하_(younha)_사건의_지평선,사건의 지평선,윤하 (YOUNHA),0,86765908,2025-07-14 16:47:59
genie_윤하_(younha)_사건의_지평선,사건의 지평선,윤하 (YOUNHA),0,86765737,2025-07-14 16:43:11
genie_윤하_(younha)_사건의_지평선,사건의 지평선,윤하 (YOUNHA),0,86761645,2025-07-14 14:41:14
genie_윤하_(younha)_사건의_지평선,사건의 지평선,윤하 (YOUNHA),0,86761546,2025-07-14 14:38:01
genie_윤하_(younha)_사건의_지평선,사건의 지평선,윤하 (YOUNHA),0,86761340,2025-07-14 14:31:18
genie_윤하_(younha)_사건의_지평선,사건의 지평선,윤하 (YOUNHA),0,86761166,2025-07-14 14:25:48
genie_윤하_(younha)_사건의_지평선,사건의 지평선,윤하 (YOUNHA),0,86760819,2025-07-14 14:15:55
genie_윤하_(younha)_사건의_지평선,사건의 지평선,윤하 (YOUNHA),0,86760733,2025-07-14 14:13:33
genie_윤하_(younha)_사건의_지평선,사건의 지평선,윤하 (YOUNHA),0,86757029,2025-07-14 12:19:49
genie_윤하_(younha)_사건의_지평선,사건의 지평선,윤하 (YOUNHA),0,86756744,2025-07-14 12:09:53
genie_윤하_(younha)_사건의_지평선,사건의 지평선,윤하 (YOUNHA),0,86756513,2025-07-14 12:01:35
genie_윤하_(younha)_사건의_지평선,사건의 지평선,윤하 (YOUNHA),0,86756080,2025-07-14 11:47:03
